exp,policy,profile,arrival,rate_rps,seed,capacity_rps,offered_load,n,throughput_rps,throughput_tok_s,ttft_p50_s,ttft_p95_s,ttft_p99_s,latency_p50_s,latency_p95_s,latency_p99_s,queue_wait_p95_s,tpot_mean_s,tpot_p95_s,utilization,mean_decode_batch,max_kv_reserved
load_sweep,continuous_64,chat,poisson,0.25,0,5.1003,0.049,1350,0.247116,47.922584,0.056149,0.138856,0.191592,1.949251,6.30799,10.35824,0.011406,0.012854,0.013958,0.461028,1.327331,3706
load_sweep,continuous_64,chat,poisson,0.25,1,5.1003,0.049,1350,0.251172,47.630349,0.0596,0.138433,0.198919,1.883942,6.081087,10.954428,0.011312,0.012869,0.013966,0.460088,1.332165,4195
load_sweep,continuous_64,chat,poisson,0.25,2,5.1003,0.049,1350,0.256628,49.770761,0.0582,0.142476,0.204133,2.02531,6.263657,9.607981,0.011304,0.012894,0.014072,0.474173,1.349469,4198
load_sweep,continuous_64,chat,poisson,0.25,3,5.1003,0.049,1350,0.247403,45.676311,0.057556,0.14999,0.205847,1.911852,5.935907,9.02985,0.011633,0.012883,0.014018,0.438176,1.338723,4363
load_sweep,continuous_64,chat,poisson,0.25,4,5.1003,0.049,1350,0.255425,49.187233,0.058251,0.139264,0.199338,2.025605,6.31532,9.083281,0.011445,0.012875,0.013922,0.457901,1.354431,4320
load_sweep,continuous_64,chat,poisson,0.75,0,5.1003,0.1471,1350,0.740495,143.602215,0.060333,0.146907,0.19796,2.091189,6.726536,11.188899,0.012951,0.013855,0.015591,0.850297,2.270723,5420
load_sweep,continuous_64,chat,poisson,0.75,1,5.1003,0.1471,1350,0.748769,141.990934,0.063995,0.147568,0.214029,2.031869,6.519422,11.714718,0.013335,0.013849,0.015633,0.857868,2.242267,8105
load_sweep,continuous_64,chat,poisson,0.75,2,5.1003,0.1471,1350,0.768933,149.127956,0.062594,0.151423,0.210151,2.170798,6.816114,10.402263,0.012996,0.013951,0.016014,0.86906,2.328303,6716
load_sweep,continuous_64,chat,poisson,0.75,3,5.1003,0.1471,1350,0.74137,136.873887,0.062204,0.160237,0.211953,2.058786,6.492123,9.762244,0.013428,0.013887,0.015953,0.831651,2.222154,6412
load_sweep,continuous_64,chat,poisson,0.75,4,5.1003,0.1471,1350,0.765588,147.429647,0.061763,0.150244,0.221533,2.203876,6.82483,9.768232,0.013255,0.013932,0.015942,0.847366,2.312943,5779
load_sweep,continuous_64,chat,poisson,1.25,0,5.1003,0.2451,1350,1.231907,238.900626,0.061499,0.151525,0.207986,2.278393,7.34796,12.119337,0.020089,0.015049,0.017682,0.962875,3.566323,8876
load_sweep,continuous_64,chat,poisson,1.25,1,5.1003,0.2451,1350,1.239991,235.142695,0.066188,0.159416,0.237973,2.201583,7.072147,12.866922,0.029598,0.015065,0.017726,0.964302,3.538568,8279
load_sweep,continuous_64,chat,poisson,1.25,2,5.1003,0.2451,1350,1.278593,247.972248,0.064619,0.15282,0.21507,2.366497,7.406907,11.230355,0.020637,0.015261,0.018178,0.96467,3.75483,8266
load_sweep,continuous_64,chat,poisson,1.25,3,5.1003,0.2451,1350,1.234168,227.855715,0.064127,0.170625,0.235401,2.238397,7.08228,10.427933,0.031172,0.015047,0.017925,0.95066,3.456969,9760
load_sweep,continuous_64,chat,poisson,1.25,4,5.1003,0.2451,1350,1.273575,245.252757,0.064405,0.154957,0.226501,2.405978,7.361352,10.6254,0.027069,0.015191,0.018069,0.956752,3.653567,8328
load_sweep,continuous_64,chat,poisson,1.75,0,5.1003,0.3431,1350,1.721464,333.839004,0.063521,0.161234,0.223202,2.491924,8.093307,13.212442,0.034703,0.016477,0.019748,0.991697,5.242991,9926
load_sweep,continuous_64,chat,poisson,1.75,1,5.1003,0.3431,1350,1.724773,327.073102,0.068271,0.168487,0.261745,2.419302,7.804764,14.184757,0.038128,0.016563,0.020165,0.990752,5.197294,11416
load_sweep,continuous_64,chat,poisson,1.75,2,5.1003,0.3431,1350,1.785777,346.336275,0.065574,0.164243,0.230983,2.630334,8.179715,12.586805,0.035837,0.016834,0.020989,0.988861,5.581308,10574
load_sweep,continuous_64,chat,poisson,1.75,3,5.1003,0.3431,1350,1.724217,318.330106,0.065878,0.177192,0.266831,2.469637,7.799417,11.727435,0.041193,0.016448,0.020347,0.987185,5.029118,13348
load_sweep,continuous_64,chat,poisson,1.75,4,5.1003,0.3431,1350,1.777078,342.212533,0.065712,0.164926,0.252086,2.611984,8.052071,11.652752,0.039555,0.016651,0.020108,0.987783,5.362069,9253
load_sweep,continuous_64,chat,poisson,2.25,0,5.1003,0.4412,1350,2.208907,428.367647,0.065348,0.16953,0.239134,2.761685,8.872259,14.350313,0.042259,0.018145,0.022116,0.99884,7.316079,12724
load_sweep,continuous_64,chat,poisson,2.25,1,5.1003,0.4412,1350,2.202848,417.731713,0.069673,0.173605,0.279046,2.634038,8.688799,15.759535,0.046865,0.018271,0.022616,0.997886,7.218405,15098
load_sweep,continuous_64,chat,poisson,2.25,2,5.1003,0.4412,1350,2.29052,444.226787,0.067434,0.170827,0.24501,2.892014,9.166799,14.10424,0.045048,0.018721,0.02403,0.998012,7.816283,13216
load_sweep,continuous_64,chat,poisson,2.25,3,5.1003,0.4412,1350,2.20804,407.654896,0.067421,0.191393,0.304182,2.702965,8.540633,12.885395,0.049673,0.018083,0.022847,0.996287,6.976737,14888
load_sweep,continuous_64,chat,poisson,2.25,4,5.1003,0.4412,1350,2.276872,438.458056,0.066437,0.172315,0.272442,2.894174,8.867588,12.720716,0.051397,0.0184,0.022901,0.995042,7.491737,11956
load_sweep,continuous_64,chat,poisson,2.75,0,5.1003,0.5392,1350,2.692381,522.126516,0.067553,0.177104,0.255512,3.062817,9.836386,15.738946,0.050423,0.020211,0.025299,0.999561,9.863053,14589
load_sweep,continuous_64,chat,poisson,2.75,1,5.1003,0.5392,1350,2.674124,507.10111,0.072501,0.180476,0.287339,2.951893,9.7846,17.423934,0.056609,0.02041,0.025678,0.999141,9.67753,19945
load_sweep,continuous_64,chat,poisson,2.75,2,5.1003,0.5392,1350,2.792714,541.62318,0.069704,0.182702,0.263007,3.242377,10.423947,15.665859,0.054488,0.021097,0.028284,0.999912,10.611657,16417
load_sweep,continuous_64,chat,poisson,2.75,3,5.1003,0.5392,1350,2.687385,496.153064,0.069337,0.191118,0.33038,3.010094,9.553973,14.204959,0.061371,0.020118,0.026243,0.997828,9.365804,16569
load_sweep,continuous_64,chat,poisson,2.75,4,5.1003,0.5392,1350,2.773032,534.003781,0.069071,0.187488,0.30448,3.232934,9.79442,14.408561,0.056118,0.020543,0.025912,0.997486,10.099819,15565
load_sweep,continuous_64,chat,poisson,3.25,0,5.1003,0.6372,1350,3.16124,613.051056,0.068912,0.181274,0.258557,3.509627,11.081039,17.429448,0.057053,0.022762,0.029202,0.999563,12.934366,18686
load_sweep,continuous_64,chat,poisson,3.25,1,5.1003,0.6372,1350,3.137903,595.04873,0.073934,0.187989,0.297035,3.310374,10.818817,19.366394,0.058587,0.023059,0.029182,0.999312,12.679605,21252
load_sweep,continuous_64,chat,poisson,3.25,2,5.1003,0.6372,1350,3.292162,638.486844,0.071645,0.197025,0.29048,3.70856,11.818167,18.494138,0.061536,0.02416,0.034273,0.999912,14.14905,23744
load_sweep,continuous_64,chat,poisson,3.25,3,5.1003,0.6372,1350,3.162384,583.848677,0.072141,0.203326,0.378568,3.389325,10.605038,16.209785,0.066305,0.02263,0.030015,0.998069,12.29944,17597
load_sweep,continuous_64,chat,poisson,3.25,4,5.1003,0.6372,1350,3.265478,628.834221,0.070606,0.204301,0.327712,3.649689,11.072026,16.181081,0.06419,0.023173,0.029788,0.997494,13.364957,18474
load_sweep,continuous_64,chat,poisson,3.75,0,5.1003,0.7353,1350,3.622476,702.497425,0.072105,0.193265,0.271678,3.984245,12.776092,19.294141,0.062329,0.025959,0.033449,0.999566,16.742809,23040
load_sweep,continuous_64,chat,poisson,3.75,1,5.1003,0.7353,1350,3.593014,681.352536,0.076273,0.189042,0.310655,3.81302,12.725767,21.940583,0.066897,0.026565,0.03386,0.999316,16.400196,25974
load_sweep,continuous_64,chat,poisson,3.75,2,5.1003,0.7353,1350,3.78705,734.466026,0.075227,0.206776,0.318469,4.342498,13.716687,21.918308,0.068841,0.028171,0.041024,0.999913,18.699844,31166
load_sweep,continuous_64,chat,poisson,3.75,3,5.1003,0.7353,1350,3.632478,670.638842,0.075289,0.214744,0.397619,3.800327,12.078858,18.033018,0.076897,0.025877,0.035283,0.999447,15.920088,23437
load_sweep,continuous_64,chat,poisson,3.75,4,5.1003,0.7353,1350,3.7531,722.735902,0.074814,0.224598,0.351376,4.146842,12.658576,17.947115,0.07697,0.026665,0.035008,0.997503,17.498957,25327
load_sweep,continuous_64,chat,poisson,4.25,0,5.1003,0.8333,1350,4.07615,790.477277,0.075787,0.199813,0.276197,4.625322,14.607176,23.05981,0.072184,0.030114,0.038485,0.999569,21.591315,27554
load_sweep,continuous_64,chat,poisson,4.25,1,5.1003,0.8333,1350,4.039371,765.996422,0.079348,0.206848,0.325752,4.444345,14.694502,25.203968,0.071727,0.031163,0.04008,0.999321,21.116641,31258
load_sweep,continuous_64,chat,poisson,4.25,2,5.1003,0.8333,1350,4.274663,829.034518,0.079376,0.216634,0.344218,5.099818,16.385173,27.058693,0.077854,0.033614,0.04914,0.999913,24.740493,38771
load_sweep,continuous_64,chat,poisson,4.25,3,5.1003,0.8333,1350,4.095596,756.141037,0.078523,0.222825,0.414871,4.398742,13.70482,20.93743,0.081914,0.030189,0.042065,0.99993,20.545063,27075
load_sweep,continuous_64,chat,poisson,4.25,4,5.1003,0.8333,1350,4.232506,815.055277,0.076932,0.238509,0.372885,4.830608,14.856808,21.536471,0.088031,0.031278,0.041767,0.997514,22.86145,32911
load_sweep,continuous_64,chat,poisson,4.75,0,5.1003,0.9313,1350,4.521232,876.790869,0.078698,0.206079,0.297473,5.340626,17.559221,27.659078,0.072408,0.035928,0.04632,0.999572,27.94611,33878
load_sweep,continuous_64,chat,poisson,4.75,1,5.1003,0.9313,1350,4.474625,848.534752,0.082682,0.215992,0.344966,5.343349,17.725325,29.320764,0.07247,0.037324,0.047996,0.999327,27.23767,38541
load_sweep,continuous_64,chat,poisson,4.75,2,5.1003,0.9313,1350,4.755847,922.355919,0.091128,0.623891,1.440209,6.314818,21.099882,34.083655,0.528729,0.041453,0.057046,0.999913,33.115248,43130
load_sweep,continuous_64,chat,poisson,4.75,3,5.1003,0.9313,1350,4.551201,840.256204,0.081641,0.236686,0.432828,5.180534,16.509556,25.14955,0.092147,0.036002,0.052475,0.99993,26.672711,35241
load_sweep,continuous_64,chat,poisson,4.75,4,5.1003,0.9313,1350,4.697192,904.539993,0.082629,0.256604,0.421551,5.818153,18.200477,27.288661,0.096414,0.037821,0.052686,0.997529,29.985067,39733
load_sweep,static_8,chat,poisson,0.25,0,1.0514,0.2378,1350,0.247073,47.914165,0.286771,4.95416,9.90595,2.943157,9.0987,13.229173,4.813991,0.012606,0.0136,0.539958,1.319686,8230
load_sweep,static_8,chat,poisson,0.25,1,1.0514,0.2378,1350,0.251073,47.611704,0.204899,5.008031,9.739711,2.710089,9.42337,14.649603,4.785891,0.012622,0.0136,0.53586,1.327245,5318
load_sweep,static_8,chat,poisson,0.25,2,1.0514,0.2378,1350,0.256512,49.748365,0.336787,5.21779,8.739067,3.068519,9.206627,13.327183,5.068669,0.012671,0.0136,0.552825,1.379679,5835
load_sweep,static_8,chat,poisson,0.25,3,1.0514,0.2378,1350,0.247403,45.676311,0.29933,4.936499,7.992091,2.89514,8.47455,11.999113,4.771571,0.012645,0.0136,0.512958,1.345846,6518
load_sweep,static_8,chat,poisson,0.25,4,1.0514,0.2378,1350,0.255425,49.187233,0.31461,4.610447,7.050971,2.920724,8.302386,11.502752,4.419613,0.012611,0.0132,0.538484,1.299337,4740
load_sweep,static_8,chat,poisson,0.75,0,1.0514,0.7133,1350,0.739099,143.331638,2.949914,12.770964,18.004438,5.636487,16.263989,21.797342,12.33925,0.01402,0.0152,0.963982,3.950417,9584
load_sweep,static_8,chat,poisson,0.75,1,1.0514,0.7133,1350,0.746735,141.605322,3.078754,15.723507,22.677017,5.699672,19.969268,26.041103,15.22405,0.014057,0.0152,0.960704,4.095308,15195
load_sweep,static_8,chat,poisson,0.75,2,1.0514,0.7133,1350,0.76717,148.786054,3.282772,20.820019,30.311223,5.899018,23.510355,34.519431,20.330779,0.014143,0.0152,0.965726,4.204946,11985
load_sweep,static_8,chat,poisson,0.75,3,1.0514,0.7133,1350,0.740793,136.767463,2.567609,9.31193,12.709921,5.098709,13.153255,16.831346,8.853894,0.013892,0.0152,0.946016,3.741541,9765
load_sweep,static_8,chat,poisson,0.75,4,1.0514,0.7133,1350,0.761602,146.662073,2.751405,8.796585,12.007812,5.507049,12.736007,17.228402,8.346878,0.013982,0.0152,0.960054,3.803302,9684
load_sweep,static_8,chat,poisson,1.25,0,1.0514,1.1889,1350,1.057334,205.045979,105.303307,178.615526,185.118222,109.46669,180.826606,188.088932,178.063586,0.015196,0.0152,0.999615,7.871786,14049
load_sweep,static_8,chat,poisson,1.25,1,1.0514,1.1889,1350,1.025896,194.543241,154.085634,210.618086,223.605119,156.930221,213.11704,226.364254,209.961858,0.015196,0.0152,0.999371,7.815196,19663
load_sweep,static_8,chat,poisson,1.25,2,1.0514,1.1889,1350,1.095828,212.526485,148.769452,184.972202,188.884302,151.593529,187.686974,192.060342,184.510665,0.015196,0.0152,0.999923,7.949031,12506
load_sweep,static_8,chat,poisson,1.25,3,1.0514,1.1889,1350,1.127617,208.183977,66.643214,97.43113,104.943821,68.924416,100.306658,107.61059,96.929207,0.015164,0.0152,0.999934,7.770166,12114
load_sweep,static_8,chat,poisson,1.25,4,1.0514,1.1889,1350,1.119794,215.639072,54.514279,133.827368,139.562264,57.22637,136.276148,142.871004,133.319218,0.015184,0.0152,0.997262,7.69419,12547
load_sweep,static_8,chat,poisson,1.75,0,1.0514,1.6644,1350,1.031823,200.098793,289.271416,506.09625,523.263547,293.527416,508.70005,525.841707,505.58005,0.015195,0.0152,0.999724,7.946249,14562
load_sweep,static_8,chat,poisson,1.75,1,1.0514,1.6644,1350,1.000766,189.777823,336.901639,540.439042,560.801279,340.129743,542.558999,563.517182,540.002332,0.015196,0.0152,0.999574,7.9423,20042
load_sweep,static_8,chat,poisson,1.75,2,1.0514,1.6644,1350,1.041503,201.990582,333.399945,520.940343,536.525307,335.157922,524.407165,539.077905,520.526543,0.015196,0.0152,0.999946,7.958262,12282
load_sweep,static_8,chat,poisson,1.75,3,1.0514,1.6644,1350,1.108609,204.674769,238.578184,417.387956,428.801872,241.770479,419.738313,432.471909,416.857756,0.015196,0.0152,0.999952,7.956576,12114
load_sweep,static_8,chat,poisson,1.75,4,1.0514,1.6644,1350,1.109691,213.693677,230.83419,435.126337,452.412948,233.908105,438.446383,455.503036,434.782294,0.015198,0.0152,0.998349,7.930595,12758
load_sweep,static_8,chat,poisson,2.25,0,1.0514,2.1399,1350,1.019585,197.725442,386.073321,685.012335,711.21629,390.563737,687.291494,713.414092,684.488176,0.015196,0.0152,0.999784,7.95194,14615
load_sweep,static_8,chat,poisson,2.25,1,1.0514,2.1399,1350,0.985976,186.97312,442.734989,723.501099,750.691548,445.874539,726.388386,753.415013,723.075209,0.015196,0.0152,0.999669,7.9423,20042
load_sweep,static_8,chat,poisson,2.25,2,1.0514,2.1399,1350,1.026677,199.115307,428.618425,697.761576,720.170966,430.268824,700.253399,722.336987,697.133976,0.015196,0.0152,0.999958,7.958262,12282
load_sweep,static_8,chat,poisson,2.25,3,1.0514,2.1399,1350,1.093851,201.950061,332.946771,596.626994,616.776705,337.408901,599.131012,619.912237,596.099994,0.015198,0.0152,0.999963,7.956123,12058
load_sweep,static_8,chat,poisson,2.25,4,1.0514,2.1399,1350,1.09553,210.966714,332.439835,611.321186,635.287804,334.853883,614.18963,638.180891,610.860186,0.0152,0.0152,0.99871,7.96024,12751
load_sweep,static_8,chat,poisson,2.75,0,1.0514,2.6155,1350,1.009185,195.708548,455.326572,803.041876,834.581147,459.911071,806.319264,836.357569,802.570076,0.015196,0.0152,0.999823,7.95194,14615
load_sweep,static_8,chat,poisson,2.75,1,1.0514,2.6155,1350,0.976789,185.23107,510.080791,840.541706,871.255594,513.390323,843.155445,873.999724,840.121097,0.015196,0.0152,0.999729,7.9423,20042
load_sweep,static_8,chat,poisson,2.75,2,1.0514,2.6155,1350,1.017461,197.327824,488.972184,810.047181,836.912235,490.63511,813.393776,838.798992,809.419581,0.015196,0.0152,0.999966,7.958262,12282
load_sweep,static_8,chat,poisson,2.75,3,1.0514,2.6155,1350,1.081883,199.740452,400.112828,714.036413,739.738868,404.661591,716.817388,742.595548,713.509413,0.015198,0.0152,0.999969,7.956123,12058
load_sweep,static_8,chat,poisson,2.75,4,1.0514,2.6155,1350,1.073253,206.676787,389.293236,734.658797,765.995163,398.375362,737.544966,768.389475,734.309597,0.015196,0.0152,0.998954,7.967858,12811
load_sweep,static_8,chat,poisson,3.25,0,1.0514,3.091,1350,1.002108,194.336171,503.27113,885.251966,919.968482,508.125275,888.358019,921.42612,884.714276,0.015196,0.0152,0.99985,7.95194,14615
load_sweep,static_8,chat,poisson,3.25,1,1.0514,3.091,1350,0.970529,184.04393,556.704807,921.105889,954.72301,560.212984,923.606502,957.212301,920.648889,0.015196,0.0152,0.999771,7.9423,20042
load_sweep,static_8,chat,poisson,3.25,2,1.0514,3.091,1350,1.011176,196.109019,530.755556,887.783368,917.641972,532.692478,891.721729,919.716924,887.155768,0.015196,0.0152,0.999971,7.958262,12282
load_sweep,static_8,chat,poisson,3.25,3,1.0514,3.091,1350,1.07375,198.238834,446.770147,795.319857,824.866519,451.326485,798.215291,827.592707,794.792857,0.015198,0.0152,0.999974,7.956123,12058
load_sweep,static_8,chat,poisson,3.25,4,1.0514,3.091,1350,1.065265,205.138557,436.469908,814.452111,848.653292,445.931706,817.37787,851.178112,814.121911,0.015196,0.0152,0.999115,7.967858,12811
load_sweep,static_8,chat,poisson,3.75,0,1.0514,3.5666,1350,0.996981,193.341932,538.430473,945.349432,982.126349,543.368971,948.749263,983.791336,944.877632,0.015196,0.0152,0.99987,7.95194,14615
load_sweep,static_8,chat,poisson,3.75,1,1.0514,3.5666,1350,0.965989,183.182986,590.895753,980.004597,1015.932449,594.442839,982.708686,1018.272401,979.547597,0.015196,0.0152,0.999801,7.9423,20042
load_sweep,static_8,chat,poisson,3.75,2,1.0514,3.5666,1350,1.006617,195.224755,561.396695,944.789906,976.981789,563.451101,949.162228,979.056741,944.162306,0.015196,0.0152,0.999975,7.958262,12282
load_sweep,static_8,chat,poisson,3.75,3,1.0514,3.5666,1350,1.067862,197.151919,480.985514,854.927716,887.293463,485.547407,857.910015,890.002384,854.400716,0.015198,0.0152,0.999978,7.956123,12058
load_sweep,static_8,chat,poisson,3.75,4,1.0514,3.5666,1350,1.059483,204.024995,471.066133,872.706149,909.269253,480.806359,875.93577,911.889779,872.375949,0.015196,0.0152,0.999233,7.967858,12811
load_sweep,static_8,chat,poisson,4.25,0,1.0514,4.0421,1350,0.993096,192.588469,565.317029,991.201523,1029.636096,570.235139,994.920037,1031.652051,990.729723,0.015196,0.0152,0.999886,7.95194,14615
load_sweep,static_8,chat,poisson,4.25,1,1.0514,4.0421,1350,0.962546,182.530033,617.04177,1025.044786,1062.739667,620.618611,1027.994485,1065.091646,1024.587786,0.015196,0.0152,0.999825,7.9423,20042
load_sweep,static_8,chat,poisson,4.25,2,1.0514,4.0421,1350,1.003158,194.553915,584.828155,988.38314,1022.359296,586.963642,993.087315,1024.425733,987.75554,0.015196,0.0152,0.999978,7.958262,12282
load_sweep,static_8,chat,poisson,4.25,3,1.0514,4.0421,1350,1.063404,196.328757,507.150207,900.510197,935.031715,511.716347,903.558921,937.684416,899.983197,0.015198,0.0152,0.99998,7.956123,12058
load_sweep,static_8,chat,poisson,4.25,4,1.0514,4.0421,1350,1.055103,203.181571,497.522071,917.253355,955.622635,507.475211,920.697631,958.316348,916.923155,0.015196,0.0152,0.999323,7.967858,12811
load_sweep,static_8,chat,poisson,4.75,0,1.0514,4.5177,1350,0.99005,191.997765,586.543257,1027.400541,1067.143791,591.445272,1031.382844,1069.343581,1026.928741,0.015196,0.0152,0.999898,7.95194,14615
load_sweep,static_8,chat,poisson,4.75,1,1.0514,4.5177,1350,0.959845,182.017822,637.683363,1060.602829,1099.692733,641.283694,1063.746432,1102.054208,1060.145829,0.015196,0.0152,0.999843,7.9423,20042
load_sweep,static_8,chat,poisson,4.75,2,1.0514,4.5177,1350,1.000444,194.027553,603.326675,1022.798852,1058.183644,605.518161,1027.765015,1060.224865,1022.171252,0.015196,0.0152,0.99998,7.958262,12282
load_sweep,static_8,chat,poisson,4.75,3,1.0514,4.5177,1350,1.066985,196.98987,525.98355,929.291051,965.605694,529.169143,932.083926,967.410178,928.811651,0.0152,0.0152,0.999982,7.980009,12347
load_sweep,static_8,chat,poisson,4.75,4,1.0514,4.5177,1350,1.051671,202.52062,518.408337,952.422202,992.21741,528.529567,955.941053,994.968903,952.092002,0.015196,0.0152,0.999394,7.967858,12811
hockey,continuous_64,chat,poisson,1.5301,0,5.1003,0.3,1350,1.506382,292.128716,0.063234,0.160232,0.218229,2.397173,7.726968,12.526344,0.028991,0.015813,0.018929,0.982055,4.467674,9222
hockey,continuous_64,chat,poisson,1.5301,1,5.1003,0.3,1350,1.512378,286.796246,0.066248,0.162703,0.240382,2.314233,7.51131,13.684543,0.037939,0.015867,0.019252,0.984523,4.417538,10387
hockey,continuous_64,chat,poisson,1.5301,2,5.1003,0.3,1350,1.563016,303.133733,0.065288,0.160516,0.221401,2.514462,7.828714,11.841152,0.030348,0.016099,0.019671,0.982795,4.722533,10362
hockey,continuous_64,chat,poisson,1.5301,3,5.1003,0.3,1350,1.509624,278.711193,0.064839,0.171277,0.251442,2.362444,7.466016,11.011328,0.037222,0.015806,0.01942,0.974414,4.306499,10270
hockey,continuous_64,chat,poisson,1.5301,4,5.1003,0.3,1350,1.556064,299.651867,0.064846,0.16022,0.238871,2.532804,7.787086,11.237496,0.03343,0.015975,0.019079,0.979407,4.559349,8882
hockey,continuous_64,chat,poisson,1.8454,0,5.1003,0.3618,1350,1.814637,351.907943,0.063969,0.163251,0.229733,2.541748,8.225024,13.395213,0.035233,0.016777,0.020211,0.994044,5.605434,10270
hockey,continuous_64,chat,poisson,1.8454,1,5.1003,0.3618,1350,1.816532,344.473633,0.06741,0.168866,0.257306,2.448827,7.95641,14.520056,0.042798,0.016848,0.020579,0.992103,5.559884,11742
hockey,continuous_64,chat,poisson,1.8454,2,5.1003,0.3618,1350,1.882243,365.044984,0.066051,0.161922,0.22874,2.682992,8.354838,12.932565,0.039897,0.017182,0.021731,0.992824,5.961114,11057
hockey,continuous_64,chat,poisson,1.8454,3,5.1003,0.3618,1350,1.816851,335.432367,0.066479,0.177203,0.267855,2.510895,7.910334,12.022198,0.048637,0.016727,0.020628,0.990848,5.364659,13829
hockey,continuous_64,chat,poisson,1.8454,4,5.1003,0.3618,1350,1.872689,360.624484,0.065556,0.166239,0.250213,2.668593,8.154457,11.855045,0.037833,0.016957,0.020605,0.990138,5.733752,9663
hockey,continuous_64,chat,poisson,2.1607,0,5.1003,0.4236,1350,2.121976,411.509245,0.064697,0.167948,0.243485,2.703561,8.707136,14.164276,0.045164,0.017815,0.021665,0.998036,6.915361,12724
hockey,continuous_64,chat,poisson,2.1607,1,5.1003,0.4236,1350,2.11789,401.620943,0.068936,0.171688,0.268151,2.594557,8.532697,15.440272,0.051219,0.017923,0.022074,0.996327,6.837135,13691
hockey,continuous_64,chat,poisson,2.1607,2,5.1003,0.4236,1350,2.200515,426.771043,0.067621,0.167607,0.241251,2.845109,8.938578,13.99671,0.043867,0.018367,0.023562,0.997257,7.37901,12610
hockey,continuous_64,chat,poisson,2.1607,3,5.1003,0.4236,1350,2.121942,391.759255,0.067605,0.185084,0.295099,2.645316,8.362139,12.718108,0.054353,0.017748,0.02218,0.99595,6.595335,14888
hockey,continuous_64,chat,poisson,2.1607,4,5.1003,0.4236,1350,2.187856,421.316154,0.06655,0.168375,0.259341,2.837791,8.737686,12.499658,0.04699,0.018052,0.022382,0.994181,7.07988,11532
hockey,continuous_64,chat,poisson,2.476,0,5.1003,0.4855,1350,2.428486,470.950016,0.065788,0.167674,0.239876,2.917099,9.24781,14.864603,0.049125,0.019015,0.023451,0.999485,8.405631,13486
hockey,continuous_64,chat,poisson,2.476,1,5.1003,0.4855,1350,2.416678,458.280916,0.070376,0.175585,0.2752,2.762452,9.172251,16.463841,0.049438,0.019189,0.023795,0.9987,8.270818,18685
hockey,continuous_64,chat,poisson,2.476,2,5.1003,0.4855,1350,2.517832,488.312117,0.068627,0.175556,0.248621,3.041841,9.710474,14.650565,0.047179,0.019723,0.025867,0.999312,9.002093,15081
hockey,continuous_64,chat,poisson,2.476,3,5.1003,0.4855,1350,2.425246,447.756194,0.069328,0.191453,0.317198,2.826491,8.986177,13.377969,0.056932,0.018964,0.024232,0.997151,7.999421,15886
hockey,continuous_64,chat,poisson,2.476,4,5.1003,0.4855,1350,2.501542,481.722921,0.068061,0.177163,0.283152,3.056269,9.260149,13.642737,0.057593,0.019289,0.023981,0.996647,8.601146,14075
hockey,continuous_64,chat,poisson,2.7913,0,5.1003,0.5473,1350,2.731365,529.68651,0.067685,0.172063,0.256752,3.08412,9.885001,15.920614,0.050091,0.0204,0.025493,0.999561,10.093489,14589
hockey,continuous_64,chat,poisson,2.7913,1,5.1003,0.5473,1350,2.712654,514.4076,0.071372,0.178546,0.286241,2.980081,9.843273,17.590197,0.05612,0.020604,0.025941,0.999202,9.902016,19945
hockey,continuous_64,chat,poisson,2.7913,2,5.1003,0.5473,1350,2.834046,549.639007,0.069414,0.184163,0.270796,3.2654,10.547818,15.981883,0.055475,0.021328,0.028846,0.999912,10.873906,17911
hockey,continuous_64,chat,poisson,2.7913,3,5.1003,0.5473,1350,2.726749,503.420526,0.069322,0.195759,0.340877,3.040251,9.610948,14.286011,0.061454,0.020299,0.026562,0.997851,9.585607,16569
hockey,continuous_64,chat,poisson,2.7913,4,5.1003,0.5473,1350,2.813814,541.857191,0.068661,0.190633,0.293988,3.253667,9.847224,14.523606,0.057139,0.020738,0.026154,0.997487,10.342716,15811
hockey,continuous_64,chat,poisson,3.1065,0,5.1003,0.6091,1350,3.02742,587.099621,0.068694,0.180825,0.260642,3.349267,10.717318,16.943833,0.051615,0.021971,0.027847,0.999563,11.985653,17643
hockey,continuous_64,chat,poisson,3.1065,1,5.1003,0.6091,1350,3.005668,569.972647,0.072203,0.183743,0.299107,3.205769,10.465765,18.590237,0.061706,0.02223,0.028168,0.99931,11.754493,20975
hockey,continuous_64,chat,poisson,3.1065,2,5.1003,0.6091,1350,3.14914,610.748903,0.070787,0.192593,0.290653,3.553886,11.412697,17.3154,0.058624,0.023166,0.032457,0.999912,13.045537,20882
hockey,continuous_64,chat,poisson,3.1065,3,5.1003,0.6091,1350,3.026553,558.771115,0.071157,0.197201,0.369993,3.248455,10.233824,15.548349,0.061267,0.021833,0.028914,0.998014,11.394264,17362
hockey,continuous_64,chat,poisson,3.1065,4,5.1003,0.6091,1350,3.124593,601.704093,0.071441,0.196483,0.31998,3.53965,10.661739,15.675589,0.062198,0.022381,0.028486,0.997492,12.351224,18034
hockey,continuous_64,chat,poisson,3.4218,0,5.1003,0.6709,1350,3.320618,643.958922,0.070514,0.189563,0.262411,3.643351,11.497978,18.044833,0.054419,0.023786,0.030377,0.999564,14.144872,19933
hockey,continuous_64,chat,poisson,3.4218,1,5.1003,0.6709,1350,3.295337,624.903241,0.074173,0.185906,0.312526,3.473286,11.418913,20.42635,0.062719,0.024153,0.030582,0.999313,13.866983,22820
hockey,continuous_64,chat,poisson,3.4218,2,5.1003,0.6709,1350,3.463151,671.648672,0.072207,0.197657,0.295041,3.905862,12.485662,20.004232,0.067088,0.025443,0.036457,0.999912,15.583541,27792
hockey,continuous_64,chat,poisson,3.4218,3,5.1003,0.6709,1350,3.32468,613.812302,0.073291,0.207241,0.384766,3.508453,11.104365,16.760269,0.068965,0.023628,0.031493,0.998254,13.458386,20922
hockey,continuous_64,chat,poisson,3.4218,4,5.1003,0.6709,1350,3.433604,661.210411,0.072941,0.208859,0.337418,3.821421,11.513461,16.696874,0.068739,0.024247,0.031501,0.997497,14.669342,19855
hockey,continuous_64,chat,poisson,3.7371,0,5.1003,0.7327,1350,3.610725,700.218533,0.072026,0.191286,0.269134,3.975926,12.649816,19.262957,0.062687,0.025876,0.033425,0.999566,16.634246,22480
hockey,continuous_64,chat,poisson,3.7371,1,5.1003,0.7327,1350,3.581484,679.16604,0.0768,0.192735,0.318528,3.798692,12.688205,21.892846,0.067269,0.026451,0.03377,0.999316,16.291954,25974
hockey,continuous_64,chat,poisson,3.7371,2,5.1003,0.7327,1350,3.774317,731.996601,0.074785,0.202155,0.312085,4.310774,13.634203,21.842837,0.069088,0.028054,0.040913,0.999913,18.567324,31166
hockey,continuous_64,chat,poisson,3.7371,3,5.1003,0.7327,1350,3.620446,668.417402,0.074626,0.212797,0.40247,3.789954,12.010691,17.957969,0.072491,0.025775,0.035073,0.999366,15.81447,23437
hockey,continuous_64,chat,poisson,3.7371,4,5.1003,0.7327,1350,3.740672,720.342541,0.075866,0.224886,0.351245,4.140731,12.57857,17.914893,0.077419,0.026568,0.034657,0.997503,17.379495,25076
hockey,continuous_64,chat,poisson,4.0524,0,5.1003,0.7945,1350,3.897975,755.924246,0.074287,0.19854,0.276978,4.322982,13.869384,21.586715,0.067825,0.028267,0.036165,0.999568,19.52745,25307
hockey,continuous_64,chat,poisson,4.0524,1,5.1003,0.7945,1350,3.863984,732.73733,0.076919,0.199654,0.328432,4.184322,13.891644,23.740881,0.067295,0.029182,0.037646,0.999319,19.110745,29033
hockey,continuous_64,chat,poisson,4.0524,2,5.1003,0.7945,1350,4.082603,791.786164,0.077345,0.212973,0.342689,4.731858,15.226264,24.609231,0.073016,0.03126,0.045828,0.999913,22.125134,35494
hockey,continuous_64,chat,poisson,4.0524,3,5.1003,0.7945,1350,3.913587,722.538015,0.076384,0.22145,0.403503,4.138337,13.08375,19.827754,0.078495,0.028338,0.038941,0.99993,18.570584,25805
hockey,continuous_64,chat,poisson,4.0524,4,5.1003,0.7945,1350,4.04468,778.8855,0.077386,0.236589,0.364646,4.529539,14.032185,19.782179,0.085113,0.029247,0.03873,0.997509,20.56607,29318
hockey,continuous_64,chat,poisson,4.3677,0,5.1003,0.8564,1350,4.181721,810.95026,0.077378,0.200273,0.279928,4.763929,15.049422,23.807602,0.073189,0.031345,0.040358,0.99957,22.928498,29568
hockey,continuous_64,chat,poisson,4.3677,1,5.1003,0.8564,1350,4.143024,785.652465,0.079555,0.207412,0.34491,4.638608,15.327953,25.751453,0.070958,0.032446,0.041633,0.999322,22.413818,32264
hockey,continuous_64,chat,poisson,4.3677,2,5.1003,0.8564,1350,4.388659,851.143069,0.081432,0.229946,0.382294,5.35723,17.304749,28.990369,0.08961,0.035223,0.051486,0.999913,26.457542,39643
hockey,continuous_64,chat,poisson,4.3677,3,5.1003,0.8564,1350,4.203437,776.051048,0.07834,0.227114,0.417796,4.546136,14.215246,21.873854,0.085583,0.03137,0.043946,0.99993,21.839981,28274
hockey,continuous_64,chat,poisson,4.3677,4,5.1003,0.8564,1350,4.343363,836.403026,0.079246,0.245071,0.401145,4.998557,15.834933,22.835313,0.086897,0.032601,0.044253,0.997517,24.353263,33827
hockey,continuous_64,chat,poisson,4.683,0,5.1003,0.9182,1350,4.462123,865.328021,0.078914,0.206062,0.279014,5.225233,17.16323,26.979155,0.076681,0.035045,0.04498,0.999571,26.986129,32054
hockey,continuous_64,chat,poisson,4.683,1,5.1003,0.9182,1350,4.416914,837.590806,0.08146,0.215297,0.341018,5.213488,17.132927,28.327852,0.074943,0.036368,0.046982,0.999326,26.320909,37496
hockey,continuous_64,chat,poisson,4.683,2,5.1003,0.9182,1350,4.69188,909.950103,0.088303,0.413594,1.151887,6.099932,20.439428,33.159624,0.247535,0.040213,0.056089,0.999913,31.799846,40992
hockey,continuous_64,chat,poisson,4.683,3,5.1003,0.9182,1350,4.490688,829.084073,0.081618,0.234164,0.426904,5.031619,16.075391,24.59012,0.090643,0.03512,0.05065,0.99993,25.748766,33319
hockey,continuous_64,chat,poisson,4.683,4,5.1003,0.9182,1350,4.635799,892.71754,0.08189,0.253918,0.415923,5.645419,17.684107,26.322262,0.092804,0.036789,0.050981,0.997527,28.908851,39331
hockey,continuous_64,chat,poisson,4.9983,0,5.1003,0.98,1350,4.738287,918.883725,0.081019,0.215393,0.307358,5.868987,19.272866,30.080879,0.077937,0.039692,0.050422,0.999573,31.883524,39740
hockey,continuous_64,chat,poisson,4.9983,1,5.1003,0.98,1350,4.685617,888.545655,0.086306,0.225967,0.346914,5.894025,19.390337,33.386547,0.080146,0.041371,0.05334,0.99933,31.000437,41957
hockey,continuous_64,chat,poisson,4.9983,2,5.1003,0.98,1350,4.992333,968.220516,0.128391,2.142575,2.712164,7.381251,24.285326,38.899141,2.08782,0.046208,0.061427,0.999913,38.6071,42889
hockey,continuous_64,chat,poisson,4.9983,3,5.1003,0.98,1350,4.773929,881.376989,0.084356,0.290712,0.651756,5.648747,18.559598,28.089124,0.13432,0.039769,0.059501,0.99993,30.480159,38970
hockey,continuous_64,chat,poisson,4.9983,4,5.1003,0.98,1350,4.920526,947.547434,0.087938,0.428286,0.917416,6.528412,20.163489,30.571801,0.212352,0.041966,0.058058,0.997539,34.406661,41197
bursty,continuous_64,agent,poisson,0.6687,0,2.2289,0.3,1350,0.659157,204.369285,0.167819,0.631812,1.008101,3.390678,14.711778,27.533457,0.155732,0.015903,0.020562,0.949749,3.284918,20837
bursty,continuous_64,agent,poisson,0.6687,1,2.2289,0.3,1350,0.65977,200.078477,0.183116,0.669783,1.285162,3.288749,14.266562,30.967005,0.180962,0.01614,0.02197,0.953924,3.240112,28962
bursty,continuous_64,agent,poisson,0.6687,2,2.2289,0.3,1350,0.684013,211.303896,0.177883,0.667238,1.130421,3.634268,14.854067,25.668724,0.167027,0.016429,0.022173,0.948619,3.46653,24474
bursty,continuous_64,agent,poisson,0.6687,3,2.2289,0.3,1350,0.660427,190.991451,0.179524,0.732717,1.424445,3.338368,14.233223,23.567593,0.20526,0.016165,0.022637,0.927838,3.189764,31670
bursty,continuous_64,agent,poisson,0.6687,4,2.2289,0.3,1350,0.68097,207.44661,0.174678,0.692686,1.192886,3.667466,14.836644,23.356544,0.196399,0.016244,0.022083,0.944602,3.316836,25212
bursty,continuous_64,agent,bursty,0.6687,0,2.2289,0.3,1350,0.257301,79.775225,0.181383,0.78702,1.392437,3.299909,13.207281,24.255903,0.229751,0.015237,0.021888,0.558304,1.999071,17864
bursty,continuous_64,agent,bursty,0.6687,1,2.2289,0.3,1350,0.278958,84.595494,0.199873,0.889768,2.307638,3.263225,13.114923,26.502584,0.281258,0.015841,0.024469,0.603081,2.007491,31411
bursty,continuous_64,agent,bursty,0.6687,2,2.2289,0.3,1350,0.289604,89.463975,0.199851,0.97006,1.580311,3.588234,13.440871,22.843369,0.306208,0.015826,0.02412,0.593517,2.121975,22651
bursty,continuous_64,agent,bursty,0.6687,3,2.2289,0.3,1350,0.26932,77.885822,0.190731,0.872976,1.673687,3.343417,12.635789,20.190996,0.335107,0.015579,0.024605,0.56422,1.924311,27038
bursty,continuous_64,agent,bursty,0.6687,4,2.2289,0.3,1350,0.273931,83.448686,0.198004,0.932165,2.233344,3.530455,13.406625,20.347986,0.345798,0.015516,0.022471,0.561584,2.034834,24527
bursty,continuous_64,agent,poisson,0.8915,0,2.2289,0.4,1350,0.877511,272.069315,0.172734,0.692148,1.063262,3.755709,16.294857,30.766478,0.201827,0.017634,0.023904,0.986072,4.585013,24037
bursty,continuous_64,agent,poisson,0.8915,1,2.2289,0.4,1350,0.873368,264.85319,0.191879,0.69883,1.339719,3.675913,16.141722,33.723634,0.228886,0.018144,0.025947,0.986895,4.522565,38588
bursty,continuous_64,agent,poisson,0.8915,2,2.2289,0.4,1350,0.910255,281.193963,0.183272,0.758735,1.40111,4.037797,16.806394,29.441916,0.259088,0.018362,0.026012,0.983269,4.880383,27615
bursty,continuous_64,agent,poisson,0.8915,3,2.2289,0.4,1350,0.87733,253.71863,0.188132,0.794259,1.604903,3.654625,15.904225,26.766867,0.253505,0.017855,0.025487,0.974219,4.389022,40606
bursty,continuous_64,agent,poisson,0.8915,4,2.2289,0.4,1350,0.905325,275.792744,0.182545,0.765749,1.337531,4.054107,16.18122,26.157939,0.282273,0.018091,0.026157,0.979301,4.646231,28451
bursty,continuous_64,agent,bursty,0.8915,0,2.2289,0.4,1350,0.393752,122.081439,0.206732,0.985294,1.432181,3.608888,13.825246,26.722098,0.396299,0.017035,0.027992,0.70346,2.479083,22766
bursty,continuous_64,agent,bursty,0.8915,1,2.2289,0.4,1350,0.409933,124.314174,0.226196,1.189401,2.787365,3.708081,13.512898,27.458616,0.492998,0.017471,0.030847,0.746508,2.428302,34298
bursty,continuous_64,agent,bursty,0.8915,2,2.2289,0.4,1350,0.367542,113.540247,0.217688,1.378839,2.692677,3.782334,14.289034,23.864471,0.467893,0.017116,0.028515,0.68742,2.420813,26956
bursty,continuous_64,agent,bursty,0.8915,3,2.2289,0.4,1350,0.369779,106.938002,0.215427,1.010828,1.49769,3.539476,13.066065,20.973022,0.389121,0.017001,0.026704,0.660671,2.37339,33361
bursty,continuous_64,agent,bursty,0.8915,4,2.2289,0.4,1350,0.378822,115.402188,0.212037,1.008852,1.745159,3.766743,14.036124,22.725091,0.360478,0.016893,0.027784,0.681827,2.437022,29751
bursty,continuous_64,agent,poisson,1.1144,0,2.2289,0.5,1350,1.092819,338.825032,0.183508,0.706306,1.105239,4.234187,17.860465,33.160417,0.236597,0.019797,0.027654,0.99708,6.228742,31407
bursty,continuous_64,agent,poisson,1.1144,1,2.2289,0.5,1350,1.083738,328.648726,0.200323,0.749431,1.373173,4.080748,18.245607,38.216175,0.271984,0.020406,0.030027,0.994915,6.157376,47476
bursty,continuous_64,agent,poisson,1.1144,2,2.2289,0.5,1350,1.135597,350.806005,0.192299,0.854888,1.664658,4.546205,18.802414,32.535511,0.301352,0.020807,0.030862,0.995175,6.696076,33963
bursty,continuous_64,agent,poisson,1.1144,3,2.2289,0.5,1350,1.092471,315.936136,0.196247,0.845714,1.754642,4.106225,17.583379,29.397516,0.306363,0.020046,0.031009,0.989657,5.939372,48914
bursty,continuous_64,agent,poisson,1.1144,4,2.2289,0.5,1350,1.128263,343.707397,0.194409,0.893033,1.619485,4.514157,18.194609,30.152234,0.316416,0.020304,0.03025,0.990964,6.337065,42631
bursty,continuous_64,agent,bursty,1.1144,0,2.2289,0.5,1350,0.489634,151.80937,0.237822,1.383146,2.076459,4.011211,15.257749,26.677592,0.440443,0.018501,0.032951,0.785863,2.861874,30568
bursty,continuous_64,agent,bursty,1.1144,1,2.2289,0.5,1350,0.513456,155.708028,0.247674,1.261325,2.2368,3.807528,14.669874,31.2066,0.478771,0.018216,0.03305,0.809021,2.979506,37632
bursty,continuous_64,agent,bursty,1.1144,2,2.2289,0.5,1350,0.517905,159.990034,0.256529,1.515998,2.393094,4.228802,15.071287,25.135433,0.577872,0.018405,0.032221,0.794264,3.124268,28353
bursty,continuous_64,agent,bursty,1.1144,3,2.2289,0.5,1350,0.501453,145.017106,0.242684,1.369652,1.987671,3.873625,14.276634,22.188105,0.527153,0.018217,0.030196,0.760317,2.864287,31044
bursty,continuous_64,agent,bursty,1.1144,4,2.2289,0.5,1350,0.521762,158.94654,0.24284,1.318026,2.099712,4.17934,14.873357,22.672713,0.552404,0.018622,0.033441,0.788861,3.101208,45029
bursty,continuous_64,agent,poisson,1.3373,0,2.2289,0.6,1350,1.302816,403.933712,0.19257,0.736602,1.112742,4.706035,20.505667,36.534554,0.264665,0.022277,0.031848,0.999563,8.268491,40337
bursty,continuous_64,agent,poisson,1.3373,1,2.2289,0.6,1350,1.290935,391.4823,0.210072,0.846316,1.498033,4.541722,20.740013,43.237462,0.295327,0.023208,0.035285,0.997893,8.179894,54510
bursty,continuous_64,agent,poisson,1.3373,2,2.2289,0.6,1350,1.359991,420.125317,0.205334,0.918527,1.909439,5.150926,21.884297,36.072125,0.345862,0.023988,0.036993,0.99782,9.050786,48647
bursty,continuous_64,agent,poisson,1.3373,3,2.2289,0.6,1350,1.305747,377.614191,0.207642,0.911088,1.82344,4.67898,20.12521,33.014633,0.356287,0.022811,0.035647,0.994597,7.908727,49857
bursty,continuous_64,agent,poisson,1.3373,4,2.2289,0.6,1350,1.349753,411.18086,0.205337,0.966954,1.82022,5.08301,20.071934,33.205965,0.394395,0.023155,0.035184,0.995035,8.476643,54195
bursty,continuous_64,agent,bursty,1.3373,0,2.2289,0.6,1350,0.709113,219.857997,0.278812,1.455686,2.250363,4.407272,16.839053,29.196205,0.591565,0.020149,0.035707,0.873674,4.029778,34088
bursty,continuous_64,agent,bursty,1.3373,1,2.2289,0.6,1350,0.644255,195.373409,0.322706,1.799952,2.485561,4.37313,15.688482,32.510984,0.717011,0.020539,0.037884,0.863385,3.504381,33751
bursty,continuous_64,agent,bursty,1.3373,2,2.2289,0.6,1350,0.70303,217.178464,0.297091,1.981911,3.106652,4.835404,16.629044,29.499678,0.925759,0.021323,0.040998,0.86325,4.002293,37514
bursty,continuous_64,agent,bursty,1.3373,3,2.2289,0.6,1350,0.615224,177.919111,0.271608,1.764347,3.538079,4.184612,15.428156,25.180698,0.813689,0.020097,0.037321,0.826087,3.399455,41617
bursty,continuous_64,agent,bursty,1.3373,4,2.2289,0.6,1350,0.641789,195.510692,0.300931,1.874861,3.188193,4.620748,15.486721,26.519882,0.827942,0.020019,0.03817,0.843267,3.609352,43129
bursty,continuous_64,agent,poisson,1.5602,0,2.2289,0.7,1350,1.50968,468.071176,0.202787,0.81052,1.209456,5.371241,23.132554,40.90942,0.309172,0.025419,0.037735,0.999565,10.836788,46148
bursty,continuous_64,agent,poisson,1.5602,1,2.2289,0.7,1350,1.494109,453.095657,0.221151,0.957678,1.867288,5.369949,23.142287,48.445936,0.391649,0.026861,0.040952,0.998412,10.724801,68099
bursty,continuous_64,agent,poisson,1.5602,2,2.2289,0.7,1350,1.583355,489.126612,0.223573,0.974925,2.059253,6.052346,25.548357,44.013745,0.421776,0.028333,0.046445,0.999081,12.118124,70828
bursty,continuous_64,agent,poisson,1.5602,3,2.2289,0.7,1350,1.517071,438.727916,0.218519,1.010047,2.102985,5.358362,23.389773,38.720101,0.410536,0.026457,0.043544,0.996918,10.409885,58455
bursty,continuous_64,agent,poisson,1.5602,4,2.2289,0.7,1350,1.569659,478.171476,0.217836,1.119124,1.928107,5.898643,23.337707,36.50567,0.452728,0.026836,0.044088,0.997124,11.209051,59814
bursty,continuous_64,agent,bursty,1.5602,0,2.2289,0.7,1350,0.834494,258.732119,0.311846,1.676139,2.17014,4.836362,17.834781,32.885745,0.63346,0.021376,0.037254,0.913999,4.632178,32087
bursty,continuous_64,agent,bursty,1.5602,1,2.2289,0.7,1350,0.75173,227.965846,0.351623,1.958417,2.937478,4.63926,17.205189,32.344578,0.752194,0.022357,0.044632,0.905127,4.27532,45019
bursty,continuous_64,agent,bursty,1.5602,2,2.2289,0.7,1350,0.815894,252.044083,0.318416,2.171715,2.789696,5.033468,18.137764,30.439273,0.965776,0.022328,0.043919,0.908528,4.653607,58181
bursty,continuous_64,agent,bursty,1.5602,3,2.2289,0.7,1350,0.801279,231.725269,0.322821,2.004317,3.441473,4.761141,16.529814,27.37986,0.961148,0.021833,0.040256,0.904495,4.235529,52848
bursty,continuous_64,agent,bursty,1.5602,4,2.2289,0.7,1350,0.82521,251.387093,0.314546,1.725401,2.689185,4.858912,16.799992,26.970416,0.736305,0.021428,0.039567,0.91534,4.413265,41548
bursty,continuous_64,agent,poisson,1.7831,0,2.2289,0.8,1350,1.713228,531.180664,0.214086,0.839359,1.261587,6.334379,27.605675,48.171059,0.341478,0.029967,0.046068,0.999568,14.117322,58612
bursty,continuous_64,agent,poisson,1.7831,1,2.2289,0.8,1350,1.693326,513.509226,0.232985,1.119729,2.17651,6.287505,27.966554,56.754513,0.473298,0.031763,0.050005,0.998956,13.973482,78076
bursty,continuous_64,agent,poisson,1.7831,2,2.2289,0.8,1350,1.804164,557.338215,0.237211,1.082686,2.190908,7.168528,30.962225,53.910619,0.454298,0.034125,0.058065,0.999608,16.240952,87764
bursty,continuous_64,agent,poisson,1.7831,3,2.2289,0.8,1350,1.725972,499.140772,0.233759,1.078545,2.176835,6.178307,26.878139,44.828879,0.433111,0.031235,0.054588,0.999531,13.625814,70338
bursty,continuous_64,agent,poisson,1.7831,4,2.2289,0.8,1350,1.786051,544.092109,0.230305,1.191789,2.058509,6.927232,27.066623,42.841476,0.503979,0.031668,0.054522,0.997501,14.805435,77099
bursty,continuous_64,agent,bursty,1.7831,0,2.2289,0.8,1350,0.964766,299.122566,0.430977,1.988201,2.658928,5.283039,18.59833,32.205723,0.861844,0.023441,0.042585,0.959371,5.612217,43694
bursty,continuous_64,agent,bursty,1.7831,1,2.2289,0.8,1350,0.968751,293.778293,0.464612,2.326837,3.114007,5.223374,18.738654,41.771435,1.073442,0.024963,0.048196,0.955448,5.446339,65638
bursty,continuous_64,agent,bursty,1.7831,2,2.2289,0.8,1350,1.034754,319.654048,0.44201,2.644867,3.339388,5.914886,22.69767,35.035125,1.335273,0.026388,0.05193,0.94506,6.414103,77740
bursty,continuous_64,agent,bursty,1.7831,3,2.2289,0.8,1350,0.960626,277.807288,0.376124,2.22249,2.861268,4.969234,18.158906,30.961757,0.990591,0.023963,0.046137,0.928357,5.423561,57461
bursty,continuous_64,agent,bursty,1.7831,4,2.2289,0.8,1350,1.026828,312.806868,0.522046,2.578332,3.467728,5.769156,19.165955,29.196631,1.370289,0.025218,0.047475,0.948948,5.712824,51955
bursty,continuous_64,agent,poisson,2.006,0,2.2289,0.9,1350,1.913448,593.258284,0.226082,0.918538,1.348935,7.467192,32.608905,58.076628,0.359064,0.03567,0.053632,0.999571,18.449817,71971
bursty,continuous_64,agent,poisson,2.006,1,2.2289,0.9,1350,1.88802,572.551176,0.249007,1.282682,2.527165,7.537166,32.65781,64.095763,0.509727,0.03904,0.063291,0.999327,18.255841,91848
bursty,continuous_64,agent,poisson,2.006,2,2.2289,0.9,1350,2.022069,624.652935,0.251562,1.238802,2.32621,8.747883,38.821119,69.114863,0.524958,0.042507,0.07324,0.999913,22.049037,109426
bursty,continuous_64,agent,poisson,2.006,3,2.2289,0.9,1350,1.932029,558.731457,0.251717,1.286769,2.304164,7.393331,32.14681,53.612337,0.50315,0.037965,0.068213,0.99993,18.015069,85510
bursty,continuous_64,agent,poisson,2.006,4,2.2289,0.9,1350,1.999356,609.072091,0.250973,1.342192,2.194342,8.259972,34.10255,56.125637,0.548556,0.038419,0.067103,0.997512,19.70863,96432
bursty,continuous_64,agent,bursty,2.006,0,2.2289,0.9,1350,1.072064,332.389734,0.458917,2.244018,2.777138,5.584839,20.088125,34.407598,0.997286,0.024597,0.044942,0.964941,6.662089,51037
bursty,continuous_64,agent,bursty,2.006,1,2.2289,0.9,1350,1.176739,356.851694,0.522895,2.266893,3.373544,5.556992,19.982952,40.597798,1.143959,0.026755,0.051387,0.971999,6.926403,56589
bursty,continuous_64,agent,bursty,2.006,2,2.2289,0.9,1350,1.140831,352.422951,0.535129,2.778775,3.777949,6.309315,23.107163,38.622182,1.46582,0.027984,0.055901,0.947674,7.101931,62753
bursty,continuous_64,agent,bursty,2.006,3,2.2289,0.9,1350,1.011107,292.406297,0.532832,2.798351,4.100643,5.554709,18.812802,31.011762,1.521342,0.026388,0.057677,0.955779,5.673899,70412
bursty,continuous_64,agent,bursty,2.006,4,2.2289,0.9,1350,1.03937,316.627424,0.539365,2.330189,3.193236,6.099533,19.071864,31.858299,1.185669,0.025753,0.049787,0.93898,6.158459,53277
frontier,continuous_64,chat,poisson,2.0401,0,5.1003,0.4,1350,2.004579,388.742893,0.064368,0.169048,0.244292,2.651627,8.545982,13.940267,0.035271,0.017393,0.020986,0.996801,6.395557,12445
frontier,continuous_64,chat,poisson,2.0401,1,5.1003,0.4,1350,2.002997,379.83347,0.068882,0.171364,0.265092,2.545015,8.240736,15.032166,0.045585,0.01748,0.021388,0.994908,6.332025,12612
frontier,continuous_64,chat,poisson,2.0401,2,5.1003,0.4,1350,2.078935,403.19166,0.06687,0.168036,0.243873,2.779008,8.705086,13.627777,0.040457,0.017886,0.022877,0.995678,6.816509,12102
frontier,continuous_64,chat,poisson,2.4409,0,5.1003,0.4786,1350,2.394379,464.33566,0.066219,0.17053,0.244083,2.879914,9.195797,14.780544,0.045637,0.018881,0.0233,0.999455,8.229291,12724
frontier,continuous_64,chat,poisson,2.4409,1,5.1003,0.4786,1350,2.383524,451.993838,0.071343,0.176822,0.275596,2.739798,9.131134,16.40303,0.052875,0.019037,0.023687,0.998649,8.101341,18685
frontier,continuous_64,chat,poisson,2.4409,2,5.1003,0.4786,1350,2.482538,481.467096,0.068531,0.175052,0.243208,3.02065,9.659971,14.574752,0.051221,0.019564,0.025555,0.99918,8.810014,14398
frontier,continuous_64,chat,poisson,2.8416,0,5.1003,0.5571,1350,2.778806,538.8867,0.067187,0.17752,0.259341,3.139692,10.013939,16.052315,0.052494,0.020648,0.025819,0.999561,10.380842,14589
frontier,continuous_64,chat,poisson,2.8416,1,5.1003,0.5571,1350,2.759696,523.328373,0.071548,0.179161,0.291142,3.003536,9.956142,17.740468,0.052745,0.020852,0.026322,0.999283,10.181156,19945
frontier,continuous_64,chat,poisson,2.8416,2,5.1003,0.5571,1350,2.884441,559.412681,0.069676,0.183368,0.269184,3.319632,10.6368,16.113651,0.058263,0.021601,0.029414,0.999912,11.199705,18065
frontier,continuous_64,chat,poisson,3.2423,0,5.1003,0.6357,1350,3.154082,611.66299,0.070268,0.183723,0.26057,3.507154,11.065277,17.416138,0.05365,0.022711,0.029165,0.999563,12.880915,18686
frontier,continuous_64,chat,poisson,3.2423,1,5.1003,0.6357,1350,3.130888,593.718345,0.073082,0.18518,0.305368,3.305449,10.793925,19.346605,0.060422,0.02301,0.029105,0.999311,12.630523,21252
frontier,continuous_64,chat,poisson,3.2423,2,5.1003,0.6357,1350,3.284563,637.013045,0.072454,0.197739,0.292415,3.700927,11.798772,18.270919,0.062397,0.024087,0.033772,0.999912,14.087496,23744
frontier,continuous_64,chat,poisson,3.6431,0,5.1003,0.7143,1350,3.524385,683.474854,0.071916,0.188404,0.274964,3.863681,12.390821,18.746854,0.058095,0.025219,0.032463,0.999566,15.849371,21785
frontier,continuous_64,chat,poisson,3.6431,1,5.1003,0.7143,1350,3.496414,663.034101,0.075478,0.19101,0.314963,3.705857,12.225517,21.386176,0.062972,0.025755,0.032543,0.999315,15.532447,23944
frontier,continuous_64,chat,poisson,3.6431,2,5.1003,0.7143,1350,3.682023,714.096943,0.074085,0.204069,0.300963,4.161917,13.289239,21.306754,0.069431,0.027239,0.039174,0.999912,17.627034,30635
frontier,continuous_64,chat,poisson,4.0438,0,5.1003,0.7929,1350,3.890009,754.379325,0.07459,0.198173,0.276129,4.314224,13.869385,21.527527,0.069265,0.0282,0.036115,0.999568,19.441017,25307
frontier,continuous_64,chat,poisson,4.0438,1,5.1003,0.7929,1350,3.856431,731.30506,0.078641,0.1998,0.32566,4.160003,13.859384,23.665478,0.067949,0.029077,0.037326,0.999319,19.022382,29033
frontier,continuous_64,chat,poisson,4.0438,2,5.1003,0.7929,1350,4.074243,790.164725,0.078161,0.209115,0.334376,4.72455,15.199197,24.546453,0.076755,0.031164,0.045477,0.999913,22.020324,35371
frontier,continuous_64,chat,poisson,4.4445,0,5.1003,0.8714,1350,4.250416,824.272154,0.077815,0.199088,0.281103,4.870582,15.404489,24.452179,0.076575,0.032192,0.041233,0.99957,23.854921,29779
frontier,continuous_64,chat,poisson,4.4445,1,5.1003,0.8714,1350,4.210308,798.411591,0.081716,0.208934,0.336396,4.754675,15.642455,26.327403,0.07223,0.033326,0.042939,0.999323,23.29867,34441
frontier,continuous_64,chat,poisson,4.4445,2,5.1003,0.8714,1350,4.462715,865.505503,0.081554,0.24471,0.473151,5.514031,17.89432,30.188713,0.094512,0.036325,0.052394,0.999913,27.661196,40101
frontier,continuous_64,chat,poisson,4.8453,0,5.1003,0.95,1350,4.605116,893.058177,0.080647,0.208532,0.296354,5.531115,18.134325,28.522293,0.077839,0.037336,0.04773,0.999572,29.394139,35055
frontier,continuous_64,chat,poisson,4.8453,1,5.1003,0.95,1350,4.556086,863.982377,0.08377,0.218479,0.353334,5.542758,18.384027,30.326387,0.077308,0.038801,0.05019,0.999328,28.621799,38900
frontier,continuous_64,chat,poisson,4.8453,2,5.1003,0.95,1350,4.846851,940.005431,0.09934,1.154797,1.820263,6.680918,22.340077,35.358998,1.058521,0.043236,0.058834,0.999913,35.07814,42889
frontier,continuous_8,chat,poisson,0.8701,0,2.1753,0.4,1350,0.8587,166.525523,0.061173,0.151946,0.216856,2.123542,6.886407,11.454698,0.013342,0.014101,0.015915,0.890943,2.550502,5420
frontier,continuous_8,chat,poisson,0.8701,1,2.1753,0.4,1350,0.867351,164.477934,0.065552,0.153324,0.243641,2.070795,6.65181,12.039578,0.015559,0.01411,0.016112,0.898817,2.516364,8105
frontier,continuous_8,chat,poisson,0.8701,2,2.1753,0.4,1350,0.891579,172.914106,0.063875,0.162487,0.334397,2.208274,6.952337,10.6194,0.014122,0.014232,0.016433,0.907193,2.627734,6249
frontier,continuous_8,chat,poisson,1.041,0,2.1753,0.4786,1350,1.026737,199.112433,0.062071,0.169121,0.488078,2.2157,7.047185,11.720414,0.029219,0.014473,0.016549,0.933162,2.976904,6031
frontier,continuous_8,chat,poisson,1.041,1,2.1753,0.4786,1350,1.035455,196.355985,0.065524,0.162943,0.344259,2.136006,6.853032,12.426795,0.035524,0.014527,0.016908,0.936385,2.951456,8105
frontier,continuous_8,chat,poisson,1.041,2,2.1753,0.4786,1350,1.065873,206.717048,0.065452,0.185599,0.994448,2.302314,7.145237,10.832556,0.040586,0.014656,0.017092,0.940242,3.107936,6717
frontier,continuous_8,chat,poisson,1.2119,0,2.1753,0.5571,1350,1.194561,231.658163,0.06419,0.225941,1.257895,2.280312,7.28053,12.088436,0.110691,0.014899,0.017156,0.958954,3.452738,6118
frontier,continuous_8,chat,poisson,1.2119,1,2.1753,0.5571,1350,1.202818,228.093547,0.066356,0.189778,0.737041,2.192922,7.093023,12.783532,0.078836,0.014921,0.017391,0.960292,3.427193,8105
frontier,continuous_8,chat,poisson,1.2119,2,2.1753,0.5571,1350,1.239877,240.463593,0.068891,0.386158,1.485166,2.398389,7.450397,11.12915,0.313603,0.015093,0.017583,0.961052,3.632493,7067
frontier,continuous_8,chat,poisson,1.3828,0,2.1753,0.6357,1350,1.362146,264.157448,0.06784,0.760441,2.025412,2.385785,7.594753,12.584669,0.714734,0.015296,0.017555,0.97409,3.977948,6257
frontier,continuous_8,chat,poisson,1.3828,1,2.1753,0.6357,1350,1.369439,259.69027,0.069557,0.46034,1.267407,2.290542,7.361391,13.155522,0.404548,0.015328,0.017835,0.975559,3.942927,8105
frontier,continuous_8,chat,poisson,1.3828,2,2.1753,0.6357,1350,1.413594,274.154531,0.073163,1.224065,2.27174,2.542886,7.755624,11.798773,1.160265,0.015508,0.018082,0.976272,4.190993,7665
frontier,continuous_8,chat,poisson,1.5538,0,2.1753,0.7143,1350,1.52953,296.617747,0.072702,1.262494,2.576571,2.529439,7.914744,13.175101,1.212893,0.015697,0.018008,0.985044,4.538104,6848
frontier,continuous_8,chat,poisson,1.5538,1,2.1753,0.7143,1350,1.535274,291.138026,0.071755,0.8669,1.883534,2.395763,7.732351,13.630707,0.788128,0.015752,0.018188,0.985386,4.498534,8475
frontier,continuous_8,chat,poisson,1.5538,2,2.1753,0.7143,1350,1.587001,307.785346,0.08061,2.646249,4.126429,2.804215,8.196541,13.131196,2.562211,0.015917,0.018307,0.983751,4.810422,7665
frontier,continuous_8,chat,poisson,1.7247,0,2.1753,0.7929,1350,1.696705,329.037675,0.082002,2.029609,3.177711,2.759756,8.472932,13.750203,1.917707,0.016094,0.01827,0.991834,5.143635,6848
frontier,continuous_8,chat,poisson,1.7247,1,2.1753,0.7929,1350,1.700245,322.42193,0.080647,1.423043,2.580601,2.591281,8.297632,14.101854,1.386037,0.016172,0.018465,0.990333,5.103482,8962
frontier,continuous_8,chat,poisson,1.7247,2,2.1753,0.7929,1350,1.760129,341.361948,0.09627,4.749021,6.467728,3.141667,9.416114,14.901267,4.702038,0.016332,0.018719,0.988828,5.474546,7665
frontier,continuous_8,chat,poisson,1.8956,0,2.1753,0.8714,1350,1.863635,361.409831,0.11799,3.115067,4.452511,3.117666,9.243053,14.30184,3.057189,0.016486,0.018664,0.996392,5.79214,7026
frontier,continuous_8,chat,poisson,1.8956,1,2.1753,0.8714,1350,1.86111,352.927175,0.10376,2.751955,4.397512,2.927671,8.792675,14.41958,2.688937,0.016549,0.018708,0.993919,5.73303,8962
frontier,continuous_8,chat,poisson,1.8956,2,2.1753,0.8714,1350,1.932982,374.885448,0.228354,8.832539,10.691758,3.866076,12.540337,17.504183,8.769067,0.016752,0.019013,0.994382,6.169632,7665
frontier,continuous_8,chat,poisson,2.0665,0,2.1753,0.95,1350,2.030265,393.72408,0.380102,5.629603,8.321121,3.868242,11.092751,15.939137,5.58632,0.01681,0.018829,0.998356,6.496459,7026
frontier,continuous_8,chat,poisson,2.0665,1,2.1753,0.95,1350,2.020356,383.12536,0.366683,4.913568,7.735773,3.425512,10.500957,15.948703,4.833848,0.016933,0.019054,0.996603,6.397958,8962
frontier,continuous_8,chat,poisson,2.0665,2,2.1753,0.95,1350,2.105557,408.354784,1.902828,13.824325,16.937668,6.783213,18.613889,23.344799,13.768367,0.017105,0.01937,0.997823,6.920779,7665
frontier,static_2,chat,poisson,0.2157,0,0.5394,0.4,1350,0.213238,41.352678,0.124891,6.265626,12.348585,2.813383,10.262184,14.069574,6.166913,0.012494,0.0128,0.484974,1.17936,2390
frontier,static_2,chat,poisson,0.2157,1,0.5394,0.4,1350,0.216709,41.095102,0.119521,5.586696,10.837405,2.6711,9.808282,15.985824,5.401323,0.012499,0.0128,0.483436,1.192179,4257
frontier,static_2,chat,poisson,0.2157,2,0.5394,0.4,1350,0.221304,42.919936,0.180031,6.523804,10.610936,3.029649,10.150403,14.76277,6.392237,0.012517,0.0128,0.499309,1.215923,3312
frontier,static_2,chat,poisson,0.2581,0,0.5394,0.4786,1350,0.255095,49.469894,0.472753,7.841153,13.094033,3.103105,11.344916,15.761819,7.750549,0.012526,0.0128,0.567932,1.248245,2570
frontier,static_2,chat,poisson,0.2581,1,0.5394,0.4786,1350,0.259105,49.134802,0.402103,7.300733,13.110062,2.92879,10.955618,17.387033,7.202069,0.012531,0.0128,0.565841,1.255557,4257
frontier,static_2,chat,poisson,0.2581,2,0.5394,0.4786,1350,0.264623,51.321432,0.54286,8.393987,12.162783,3.264801,11.332818,15.677945,8.307938,0.012547,0.0128,0.582478,1.279549,3312
frontier,static_2,chat,poisson,0.3005,0,0.5394,0.5571,1350,0.296942,57.585261,0.879137,9.224591,14.388119,3.403493,12.423048,17.135955,9.110932,0.012562,0.0128,0.644214,1.328624,2599
frontier,static_2,chat,poisson,0.3005,1,0.5394,0.5571,1350,0.301445,57.163863,0.844844,9.638596,14.810105,3.282456,12.883615,18.134165,9.516176,0.01256,0.0128,0.644404,1.325266,4257
frontier,static_2,chat,poisson,0.3005,2,0.5394,0.5571,1350,0.307894,59.713376,0.969436,11.254471,14.567799,3.643949,14.278999,17.754739,11.089335,0.012578,0.0128,0.658383,1.361369,3312
frontier,static_2,chat,poisson,0.3429,0,0.5394,0.6357,1350,0.33881,65.704607,1.277283,10.945608,18.028404,3.902067,14.114965,21.360323,10.81747,0.012598,0.0128,0.716744,1.392669,2599
frontier,static_2,chat,poisson,0.3429,1,0.5394,0.6357,1350,0.343673,65.171625,1.215668,11.809826,17.966575,3.6077,15.248215,20.755598,11.671186,0.012593,0.0128,0.716397,1.402686,4257
frontier,static_2,chat,poisson,0.3429,2,0.5394,0.6357,1350,0.351115,68.095786,1.515426,15.578319,24.278345,4.147529,18.244621,27.202127,15.496785,0.012612,0.0128,0.730644,1.438308,3312
frontier,static_2,chat,poisson,0.3853,0,0.5394,0.7143,1350,0.380598,73.808372,2.004411,13.944646,22.215171,4.553338,16.751568,25.007241,13.850043,0.012638,0.0128,0.782435,1.49487,3971
frontier,static_2,chat,poisson,0.3853,1,0.5394,0.7143,1350,0.385771,73.154786,1.779478,14.642383,21.859551,4.180145,18.033436,24.151606,14.537253,0.012637,0.0128,0.779304,1.499482,4257
frontier,static_2,chat,poisson,0.3853,2,0.5394,0.7143,1350,0.394287,76.468677,2.191087,22.882683,34.578727,4.838203,25.203694,37.26062,22.794223,0.012653,0.0128,0.796749,1.536787,3312
frontier,static_2,chat,poisson,0.4276,0,0.5394,0.7929,1350,0.422366,81.908399,3.112736,17.378257,22.787393,5.691777,20.397223,26.095962,17.265378,0.012674,0.0128,0.837379,1.591626,3735
frontier,static_2,chat,poisson,0.4276,1,0.5394,0.7929,1350,0.427787,81.122316,2.756682,18.548799,25.612718,5.20404,20.941123,27.778857,18.471539,0.012673,0.0128,0.839228,1.590709,4257
frontier,static_2,chat,poisson,0.4276,2,0.5394,0.7929,1350,0.437411,84.832065,3.738132,40.696455,52.853476,6.279036,44.196271,55.855056,40.597535,0.012692,0.0128,0.858392,1.630528,3312
frontier,static_2,chat,poisson,0.47,0,0.5394,0.8714,1350,0.464115,90.004692,4.791892,28.349915,32.191268,7.214916,31.248806,34.458274,28.213177,0.012716,0.0128,0.889785,1.714766,3735
frontier,static_2,chat,poisson,0.47,1,0.5394,0.8714,1350,0.469638,89.058694,3.961414,25.117191,39.318927,6.573801,27.999878,41.381916,24.931517,0.012707,0.0128,0.89455,1.679739,4257
frontier,static_2,chat,poisson,0.47,2,0.5394,0.8714,1350,0.480485,93.185967,6.591682,64.173955,70.760746,9.186545,66.281467,73.208264,64.101765,0.012732,0.0128,0.908609,1.751656,3312
frontier,static_2,chat,poisson,0.5124,0,0.5394,0.95,1350,0.505795,98.087518,7.84584,40.828714,49.275507,10.364141,43.2136,52.856129,40.716624,0.012744,0.0128,0.93752,1.795294,3735
frontier,static_2,chat,poisson,0.5124,1,0.5394,0.95,1350,0.510312,96.771731,8.153097,41.580223,55.812255,10.570654,44.140628,57.771683,41.483023,0.012746,0.0128,0.94282,1.792818,4257
frontier,static_2,chat,poisson,0.5124,2,0.5394,0.95,1350,0.52351,101.530399,22.004498,76.058359,85.84115,24.018217,79.612261,88.173448,75.938617,0.012769,0.0128,0.953465,1.874661,3089
frontier,static_8,chat,poisson,0.4206,0,1.0514,0.4,1350,0.415405,80.558414,1.254138,6.860338,9.584815,3.731267,10.441341,15.23061,6.492487,0.013007,0.0148,0.771824,1.935674,7675
frontier,static_8,chat,poisson,0.4206,1,1.0514,0.4,1350,0.421083,79.851103,1.246269,7.675654,13.637027,3.620067,12.051346,18.6349,7.360566,0.013014,0.0148,0.770943,1.899361,7785
frontier,static_8,chat,poisson,0.4206,2,1.0514,0.4,1350,0.430994,83.587646,1.344228,7.012884,10.180657,3.767005,10.696247,15.556061,6.669631,0.013058,0.0152,0.783426,1.995184,9437
frontier,static_8,chat,poisson,0.5032,0,1.0514,0.4786,1350,0.496748,96.333101,1.489216,7.686064,10.472467,4.100102,11.448655,15.430167,7.419793,0.01323,0.0148,0.841886,2.293799,7769
frontier,static_8,chat,poisson,0.5032,1,1.0514,0.4786,1350,0.502902,95.366683,1.606205,9.70042,16.378706,3.937118,14.162313,20.212645,9.356935,0.013231,0.0152,0.852337,2.29501,8864
frontier,static_8,chat,poisson,0.5032,2,1.0514,0.4786,1350,0.515488,99.974449,1.76546,8.461639,14.062814,4.359159,12.141804,18.561098,8.032871,0.01332,0.0152,0.862062,2.482992,11961
frontier,static_8,chat,poisson,0.5858,0,1.0514,0.5571,1350,0.577805,112.052203,1.968946,9.104762,12.61607,4.637309,12.600422,18.157556,8.757097,0.013496,0.0152,0.897359,2.753995,8473
frontier,static_8,chat,poisson,0.5858,1,1.0514,0.5571,1350,0.585083,110.950833,1.984404,11.118275,19.316308,4.392432,15.706849,21.989574,10.561685,0.013517,0.0152,0.902643,2.795432,8846
frontier,static_8,chat,poisson,0.5858,2,1.0514,0.5571,1350,0.59983,116.331939,2.083579,11.289011,20.813693,4.580316,14.537716,24.702141,10.84864,0.013575,0.0152,0.90633,2.973084,12067
frontier,static_8,chat,poisson,0.6684,0,1.0514,0.6357,1350,0.659198,127.836516,2.368084,11.117782,15.534957,5.03318,14.637519,19.654184,10.630982,0.013783,0.0152,0.933145,3.391016,10846
frontier,static_8,chat,poisson,0.6684,1,1.0514,0.6357,1350,0.666335,126.35881,2.464589,12.061055,20.71939,5.010636,17.212221,23.756265,11.450165,0.013767,0.0152,0.938298,3.351259,13327
frontier,static_8,chat,poisson,0.6684,2,1.0514,0.6357,1350,0.684226,132.699874,2.662659,15.556362,25.525593,5.224505,19.918323,29.165261,15.105492,0.013833,0.0152,0.945353,3.513736,11985
frontier,static_8,chat,poisson,0.751,0,1.0514,0.7143,1350,0.740099,143.525515,2.894676,12.802897,18.102356,5.66668,16.332219,21.866376,12.402159,0.014021,0.0152,0.96417,3.961241,9584
frontier,static_8,chat,poisson,0.751,1,1.0514,0.7143,1350,0.747743,141.796495,3.104991,15.821319,22.701831,5.740013,20.245653,26.070561,15.295828,0.014058,0.0152,0.962529,4.08486,15195
frontier,static_8,chat,poisson,0.751,2,1.0514,0.7143,1350,0.768202,148.986257,3.251409,21.023646,31.158386,5.921926,24.016585,35.35987,20.654266,0.014137,0.0152,0.965536,4.215143,11985
frontier,static_8,chat,poisson,0.8336,0,1.0514,0.7929,1350,0.820876,159.19028,3.971115,17.546619,22.647113,6.883512,21.381548,26.472957,17.134886,0.014314,0.0152,0.981586,4.757182,12589
frontier,static_8,chat,poisson,0.8336,1,1.0514,0.7929,1350,0.827823,156.982147,4.047448,23.023157,30.02796,6.745243,26.078748,32.621247,22.407075,0.014373,0.0152,0.98034,4.811611,15194
frontier,static_8,chat,poisson,0.8336,2,1.0514,0.7929,1350,0.852039,165.245638,4.275388,29.507917,39.035656,7.164583,32.990965,43.21135,29.150719,0.014421,0.0152,0.981963,4.97387,11596
frontier,static_8,chat,poisson,0.9162,0,1.0514,0.8714,1350,0.902642,175.046989,4.995927,22.116997,28.705606,7.929014,25.621378,32.05058,21.767692,0.014529,0.0152,0.990029,5.459203,14457
frontier,static_8,chat,poisson,0.9162,1,1.0514,0.8714,1350,0.907329,172.059179,6.028252,41.255975,46.460026,8.906764,44.388347,49.312785,40.718709,0.014686,0.0152,0.987416,5.829059,14745
frontier,static_8,chat,poisson,0.9162,2,1.0514,0.8714,1350,0.936349,181.597003,6.00255,33.182491,41.989964,9.126818,35.926177,44.934978,32.787141,0.014685,0.0152,0.988578,5.746033,11961
frontier,static_8,chat,poisson,0.9989,0,1.0514,0.95,1350,0.983487,190.725069,9.380283,31.258408,35.905845,12.313908,34.071927,39.389724,30.827772,0.014845,0.0152,0.998317,6.436411,14457
frontier,static_8,chat,poisson,0.9989,1,1.0514,0.95,1350,0.984801,186.750426,9.546776,52.211126,61.83475,12.654133,55.980429,64.745279,51.766926,0.014947,0.0152,0.997216,6.795365,17101
frontier,static_8,chat,poisson,0.9989,2,1.0514,0.95,1350,1.019439,197.711457,20.802228,44.806777,48.587845,23.515636,47.651793,52.6899,44.400145,0.014983,0.0152,0.994773,6.951535,12430
frontier,static_32,chat,poisson,0.68,0,1.6999,0.4,1350,0.670511,130.030383,2.326114,9.006456,13.276245,5.030768,12.791085,16.883822,8.406636,0.013924,0.0168,0.934923,3.415124,13326
frontier,static_32,chat,poisson,0.68,1,1.6999,0.4,1350,0.677433,128.463336,2.391996,10.551275,17.041714,4.916422,15.052035,22.682992,9.855649,0.014072,0.0172,0.940986,3.575515,23393
frontier,static_32,chat,poisson,0.68,2,1.6999,0.4,1350,0.695906,134.965087,2.443031,9.439441,14.282246,5.075525,13.450925,19.440887,8.943801,0.014065,0.0168,0.946871,3.657505,24331
frontier,static_32,chat,poisson,0.8135,0,1.6999,0.4786,1350,0.801216,155.377775,2.958593,10.467322,15.460469,5.818373,14.951021,20.639415,9.76855,0.014613,0.01782,0.97037,4.628617,18129
frontier,static_32,chat,poisson,0.8135,1,1.6999,0.4786,1350,0.808854,153.385174,2.789328,12.734715,19.608957,5.465666,16.915718,24.461518,11.627895,0.014856,0.0204,0.971175,4.667341,25558
frontier,static_32,chat,poisson,0.8135,2,1.6999,0.4786,1350,0.831737,161.308339,2.951059,10.803255,15.519798,5.773332,15.243891,21.542256,9.927408,0.014809,0.0184,0.973734,4.945099,29287
frontier,static_32,chat,poisson,0.9471,0,1.6999,0.5571,1350,0.932823,180.899907,3.500718,12.148314,16.351005,6.390047,16.959907,22.029606,11.259687,0.015387,0.0196,0.990342,6.173585,19709
frontier,static_32,chat,poisson,0.9471,1,1.6999,0.5571,1350,0.938922,178.050283,3.580306,15.84806,22.282955,6.32468,20.178607,28.183902,14.310842,0.015834,0.0228,0.986479,6.407637,29875
frontier,static_32,chat,poisson,0.9471,2,1.6999,0.5571,1350,0.966987,187.538849,3.429313,12.623228,18.559513,6.369506,17.600468,25.697072,11.745842,0.015514,0.0204,0.987751,6.467761,33995
frontier,static_32,chat,poisson,1.0806,0,1.6999,0.6357,1350,1.063599,206.260922,4.180651,14.939199,20.071129,7.068499,19.717065,26.667648,13.895569,0.016469,0.0212,0.997655,8.138934,29681
frontier,static_32,chat,poisson,1.0806,1,1.6999,0.6357,1350,1.062358,201.457607,4.514552,21.664399,31.87641,7.478641,26.890773,38.175694,19.746382,0.017121,0.0248,0.993335,8.97809,58458
frontier,static_32,chat,poisson,1.0806,2,1.6999,0.6357,1350,1.102349,213.79115,4.158528,14.038076,20.385409,7.301865,19.58399,27.331674,13.170216,0.016439,0.022,0.996273,8.431645,32167
frontier,static_32,chat,poisson,1.2142,0,1.6999,0.7143,1350,1.191572,231.078458,4.899669,16.604897,21.558043,8.098591,21.681922,28.316604,15.145575,0.017513,0.0236,0.998692,10.727236,33351
frontier,static_32,chat,poisson,1.2142,1,1.6999,0.7143,1350,1.188495,225.37741,6.472161,35.795269,48.798049,9.805324,42.787397,52.8287,33.854498,0.018826,0.0248,0.996617,13.0098,59143
frontier,static_32,chat,poisson,1.2142,2,1.6999,0.7143,1350,1.236809,239.868527,5.003881,15.44671,21.903262,8.385321,20.219859,29.010539,14.130436,0.017641,0.0232,0.996939,10.932434,38298
frontier,static_32,chat,poisson,1.3478,0,1.6999,0.7929,1350,1.318432,255.680066,5.793912,20.356245,26.460109,9.665132,25.241465,31.862904,18.789949,0.018933,0.0248,0.999561,13.428053,39190
frontier,static_32,chat,poisson,1.3478,1,1.6999,0.7929,1350,1.312562,248.904444,9.705312,49.433732,63.011811,13.542668,55.184656,68.707282,47.442263,0.020624,0.0248,0.999306,16.948493,59050
frontier,static_32,chat,poisson,1.3478,2,1.6999,0.7929,1350,1.36839,265.387493,6.367206,19.805662,32.673992,10.081329,24.886632,36.476889,18.186202,0.019151,0.0248,0.999316,14.02309,47296
frontier,static_32,chat,poisson,1.4813,0,1.6999,0.8714,1350,1.443032,279.843535,8.412344,27.103767,34.353778,12.38151,33.703022,39.756806,25.415951,0.020867,0.0248,0.999563,17.944941,39104
frontier,static_32,chat,poisson,1.4813,1,1.6999,0.8714,1350,1.43418,271.96736,15.334957,61.478413,71.007398,19.519241,65.860494,77.540286,59.724431,0.022621,0.0248,0.99931,22.908377,59720
frontier,static_32,chat,poisson,1.4813,2,1.6999,0.8714,1350,1.500275,290.965502,8.480679,24.522486,33.542924,12.542019,29.914286,40.191158,22.561551,0.021276,0.0248,0.999912,18.881461,47183
frontier,static_32,chat,poisson,1.6149,0,1.6999,0.95,1350,1.563275,303.161926,11.720612,29.148685,36.55363,16.063502,35.060154,42.474848,27.349639,0.022594,0.0248,0.999565,22.624052,40170
frontier,static_32,chat,poisson,1.6149,1,1.6999,0.95,1350,1.508974,286.150642,48.956293,93.099968,99.868065,54.234307,98.029713,105.774082,91.0758,0.024558,0.0248,0.999332,28.648848,59373
frontier,static_32,chat,poisson,1.6149,2,1.6999,0.95,1350,1.62925,315.979133,17.717465,36.856583,41.234285,22.491202,41.67272,47.148768,35.061383,0.023108,0.0248,0.999913,23.590929,48176
